artist_name,song_id,pop,comment
林俊杰,108485,100.0,145866
林俊杰,2041026502,100.0,79131
林俊杰,108914,100.0,151356
林俊杰,108251,100.0,91739
林俊杰,108493,100.0,154329
林俊杰,29814898,100.0,240400
林俊杰,1391477429,100.0,110597
林俊杰,108931,100.0,97216
林俊杰,25727803,100.0,201794
林俊杰,108263,100.0,56439
林俊杰,108463,100.0,63268
林俊杰,108406,100.0,54167
林俊杰,2019573476,100.0,76775
林俊杰,29774171,100.0,135783
林俊杰,108138,100.0,124960
林俊杰,108134,100.0,101640
林俊杰,108242,100.0,127761
林俊杰,1366053680,100.0,17936
林俊杰,29850683,100.0,65531
林俊杰,26305547,100.0,34431
林俊杰,29848657,100.0,46064
林俊杰,1468115100,100.0,34204
林俊杰,25794009,100.0,78948
林俊杰,108245,100.0,43273
林俊杰,108795,100.0,49400
林俊杰,1804879213,100.0,192734
林俊杰,108478,100.0,127323
林俊杰,108267,100.0,13141
林俊杰,108810,100.0,27048
林俊杰,108428,100.0,42392
林俊杰,440207933,100.0,84235
林俊杰,2019562367,100.0,14966
林俊杰,26305541,100.0,17620
林俊杰,554242032,100.0,60079
林俊杰,108965,100.0,19364
林俊杰,108886,100.0,34567
林俊杰,450222687,100.0,14603
林俊杰,108473,100.0,11439
林俊杰,108254,100.0,16285
林俊杰,26305544,100.0,6568
林俊杰,108248,100.0,15510
林俊杰,108269,100.0,34264
林俊杰,453491018,100.0,4154
林俊杰,2659883777,100.0,7964
林俊杰,108543,100.0,48728
林俊杰,2039156375,100.0,6660
林俊杰,26305545,100.0,18461
林俊杰,2019574451,100.0,12184
林俊杰,108910,100.0,18307
林俊杰,1479003964,100.0,100018
陈奕迅,64093,100.0,393654
陈奕迅,65766,100.0,247738
陈奕迅,25730757,100.0,230103
陈奕迅,65528,100.0,165072
陈奕迅,65800,100.0,198851
陈奕迅,65536,100.0,157731
陈奕迅,25906124,100.0,167736
陈奕迅,66842,100.0,119295
陈奕迅,409931770,100.0,23315
陈奕迅,65538,100.0,259634
陈奕迅,28563317,100.0,152768
陈奕迅,66285,100.0,133483
陈奕迅,1901371647,100.0,310535
陈奕迅,65592,100.0,25537
陈奕迅,65533,100.0,110842
陈奕迅,64317,100.0,64969
陈奕迅,66282,100.0,41438
陈奕迅,35403523,100.0,134326
陈奕迅,473194652,100.0,27887
陈奕迅,64293,100.0,58573
陈奕迅,64922,100.0,46335
陈奕迅,67467,100.0,10311
陈奕迅,64638,100.0,25566
陈奕迅,64126,100.0,34966
陈奕迅,64634,100.0,69575
陈奕迅,66823,100.0,9963
陈奕迅,65952,100.0,29879
陈奕迅,65761,100.0,26141
陈奕迅,27483202,100.0,28779
陈奕迅,65540,100.0,11309
陈奕迅,64625,100.0,28962
陈奕迅,1496602290,100.0,88090
陈奕迅,65778,100.0,16837
陈奕迅,551816010,100.0,336822
陈奕迅,27483203,100.0,39418
陈奕迅,27867449,100.0,49325
陈奕迅,28481818,100.0,81034
陈奕迅,65769,100.0,39837
陈奕迅,1323304980,100.0,14567
陈奕迅,64833,100.0,27354
陈奕迅,64699,100.0,22837
陈奕迅,66841,100.0,12875
陈奕迅,64797,100.0,36421
陈奕迅,64048,100.0,27608
陈奕迅,28481103,100.0,70473
陈奕迅,65355,100.0,60099
陈奕迅,28481104,100.0,18072
陈奕迅,65334,100.0,12197
陈奕迅,438801672,100.0,53287
陈奕迅,64443,100.0,51294
郑润泽,1303464858,100.0,830391
郑润泽,1406083061,100.0,346206
郑润泽,1842728629,100.0,621753
郑润泽,2063864551,100.0,486502
郑润泽,1926623288,100.0,333944
郑润泽,2025186889,100.0,132561
郑润泽,2018733994,100.0,187408
郑润泽,1345571065,100.0,29686
郑润泽,1996909642,100.0,115578
郑润泽,2080177728,100.0,66573
郑润泽,1983761233,100.0,32614
郑润泽,2024035483,100.0,76233
郑润泽,2105435473,100.0,77057
郑润泽,2165457999,100.0,8996
郑润泽,2650813807,100.0,21130
郑润泽,2089114348,100.0,24571
郑润泽,2025186881,100.0,26379
郑润泽,2007336134,100.0,33825
郑润泽,2083417395,100.0,57725
郑润泽,2006747976,100.0,25289
郑润泽,2154889185,100.0,26200
郑润泽,2089113495,100.0,36428
郑润泽,1897016511,100.0,19795
郑润泽,1969565566,100.0,17841
郑润泽,2046186937,100.0,32617
郑润泽,2025185352,100.0,22413
郑润泽,2025185434,100.0,25647
郑润泽,1398726570,100.0,14897
郑润泽,2123822458,100.0,15045
郑润泽,2009017158,100.0,21750
郑润泽,1915292143,100.0,14205
郑润泽,2659260745,100.0,54515
郑润泽,1953869753,100.0,19750
郑润泽,1881426227,100.0,11556
郑润泽,1864819164,100.0,13179
郑润泽,2118850756,100.0,14196
郑润泽,2165458005,100.0,7546
郑润泽,2001036566,100.0,11276
郑润泽,2025185392,100.0,13830
郑润泽,2144606630,100.0,14999
郑润泽,2625459734,100.0,14571
郑润泽,2163309687,100.0,11684
郑润泽,2165457972,100.0,4402
郑润泽,1937448878,100.0,19813
郑润泽,2025187018,100.0,11320
郑润泽,2089113490,100.0,22611
郑润泽,2158155786,100.0,18879
郑润泽,2089114345,100.0,12200
郑润泽,2025185324,100.0,10732
郑润泽,2638526143,100.0,5808
颜人中,1391891631,100.0,185861
颜人中,1398283847,100.0,217669
颜人中,1406649619,100.0,143160
颜人中,1482867143,100.0,187211
颜人中,1359356908,100.0,414953
颜人中,1493976789,100.0,51613
颜人中,1434309927,100.0,112055
颜人中,1369601580,100.0,113628
颜人中,1958150862,100.0,14717
颜人中,1454723856,100.0,108628
颜人中,1361988914,100.0,118484
颜人中,1449794966,100.0,34115
颜人中,1396023850,100.0,30532
颜人中,1923203217,100.0,13863
颜人中,2004646133,100.0,2219
颜人中,1377544581,100.0,28710
颜人中,1344814341,100.0,63394
颜人中,1461142410,100.0,33129
颜人中,2713933656,100.0,2346
颜人中,1994784443,100.0,2041
颜人中,2690581564,100.0,4666
颜人中,1406648887,100.0,25762
颜人中,1412013401,100.0,10273
颜人中,2111061739,100.0,8401
颜人中,2624575315,100.0,28550
颜人中,1440176324,100.0,14480
颜人中,2606096103,100.0,16475
颜人中,1381794108,100.0,30570
颜人中,2060036848,100.0,1572
颜人中,1832622345,100.0,12995
颜人中,1853542439,100.0,5204
颜人中,1493975574,100.0,6554
颜人中,1844442105,100.0,18029
颜人中,1406648891,100.0,8825
颜人中,1816716657,100.0,941
颜人中,1877027589,100.0,6119
颜人中,1905012469,100.0,5090
颜人中,1892315594,100.0,3624
颜人中,1911556553,100.0,3945
颜人中,1406648893,100.0,5021
颜人中,1399104439,100.0,4770
颜人中,2606098700,100.0,1539
颜人中,1417818709,100.0,7591
颜人中,1493981171,100.0,4050
颜人中,1856320827,100.0,3361
颜人中,1493976786,100.0,3227
颜人中,2678657906,100.0,104979
颜人中,2166071862,100.0,1925
颜人中,1473603590,100.0,7904
颜人中,2606096105,100.0,1827
汪苏泷,2124385868,100.0,523006
汪苏泷,2071935674,100.0,217247
汪苏泷,2674443509,100.0,29958
汪苏泷,28724351,100.0,40380
汪苏泷,2149816863,100.0,115055
汪苏泷,165361,100.0,110194
汪苏泷,174944,100.0,77347
汪苏泷,165340,100.0,118330
汪苏泷,426852063,100.0,115931
汪苏泷,553310138,100.0,110880
汪苏泷,2151849447,100.0,36186
汪苏泷,1368327462,100.0,128643
汪苏泷,2043125519,100.0,19739
汪苏泷,473740829,100.0,33914
汪苏泷,165379,100.0,52101
汪苏泷,1953837282,100.0,13305
汪苏泷,2716639519,100.0,11064
汪苏泷,482386133,100.0,67748
汪苏泷,2048584480,100.0,27685
汪苏泷,165339,100.0,35690
汪苏泷,165405,100.0,22614
汪苏泷,2648559311,100.0,5775
汪苏泷,165364,100.0,32431
汪苏泷,2106790547,100.0,50532
汪苏泷,2124385847,100.0,15942
汪苏泷,411314185,100.0,16326
汪苏泷,1427664613,100.0,3760
汪苏泷,165347,100.0,19221
汪苏泷,2045089380,100.0,6356
汪苏泷,2061887794,100.0,9126
汪苏泷,1954956658,100.0,3345
汪苏泷,32897777,100.0,26531
汪苏泷,2116492739,100.0,15703
汪苏泷,165367,100.0,31198
汪苏泷,2650828555,100.0,3801
汪苏泷,2635209343,100.0,14008
汪苏泷,2154955484,100.0,10720
汪苏泷,2124385829,100.0,23939
汪苏泷,2627039740,100.0,3951
汪苏泷,2161155720,100.0,11067
汪苏泷,439121070,100.0,4053
汪苏泷,165375,100.0,15006
汪苏泷,2621278819,100.0,2551
汪苏泷,1490306026,100.0,50176
汪苏泷,2056206939,100.0,18415
汪苏泷,165372,100.0,12781
汪苏泷,1306507727,100.0,22654
汪苏泷,165377,100.0,17028
汪苏泷,2164277981,100.0,8164
汪苏泷,2156439171,100.0,2180
方大同,28403111,100.0,727607
方大同,25648006,100.0,227575
方大同,28387868,100.0,11422
方大同,2619125556,100.0,123352
方大同,82360,100.0,72356
方大同,82453,100.0,38615
方大同,28029104,100.0,45237
方大同,28029112,100.0,24982
方大同,431855964,100.0,17849
方大同,82486,100.0,43040
方大同,25648005,100.0,21153
方大同,82203,100.0,21612
方大同,1462515184,100.0,15408
方大同,82194,100.0,19072
方大同,2635125903,100.0,61148
方大同,81890,100.0,10531
方大同,431855965,100.0,4315
方大同,82366,100.0,8601
方大同,28406199,100.0,8991
方大同,82181,100.0,9040
方大同,82455,100.0,6109
方大同,28029120,100.0,7157
方大同,82488,100.0,6088
方大同,306930,100.0,14551
方大同,82123,100.0,14492
方大同,81997,100.0,9757
方大同,82461,100.0,9339
方大同,2635125901,100.0,8428
方大同,431853944,100.0,4247
方大同,25648011,100.0,3683
方大同,2635125902,100.0,8797
方大同,865021484,100.0,5109
方大同,82375,100.0,4480
方大同,82177,100.0,3780
方大同,82184,100.0,3880
方大同,28391021,100.0,7011
方大同,82187,100.0,5676
方大同,82469,100.0,3372
方大同,28406197,100.0,4640
方大同,865048406,100.0,1190
方大同,25648004,100.0,8047
方大同,426852503,100.0,12973
方大同,2635129378,100.0,12531
方大同,82496,100.0,6049
方大同,82362,100.0,3216
方大同,81981,100.0,2553
方大同,524148328,100.0,6230
方大同,82369,100.0,4381
方大同,82169,100.0,5780
方大同,1451859559,100.0,2726
薛之谦,32507038,100.0,345277
薛之谦,1463165983,100.0,514788
薛之谦,417859631,100.0,337835
薛之谦,27955654,100.0,242025
薛之谦,574921549,100.0,147891
薛之谦,169185,100.0,199539
薛之谦,516657051,100.0,251010
薛之谦,27890306,100.0,172082
薛之谦,2648841571,100.0,105976
薛之谦,27955653,100.0,245578
薛之谦,471385043,100.0,412233
薛之谦,1473782328,100.0,108240
薛之谦,415792881,100.0,224073
薛之谦,571340283,100.0,192090
薛之谦,1374056689,100.0,211197
薛之谦,32192436,100.0,206816
薛之谦,1334647784,100.0,250644
薛之谦,468517654,100.0,205911
薛之谦,35528482,100.0,106877
薛之谦,1803349526,100.0,81239
薛之谦,27808044,100.0,86257
薛之谦,27955658,100.0,110050
薛之谦,2055887708,100.0,104124
薛之谦,1808053189,100.0,82323
薛之谦,1307334195,100.0,35823
薛之谦,1374061036,100.0,155272
薛之谦,1498342485,100.0,150801
薛之谦,1982706733,100.0,55253
薛之谦,32507039,100.0,70533
薛之谦,557583281,100.0,111716
薛之谦,519250411,100.0,11560
薛之谦,1374061043,100.0,76519
薛之谦,2067808196,100.0,17794
薛之谦,557581967,100.0,122975
薛之谦,1861640530,100.0,177693
薛之谦,2064033095,100.0,123018
薛之谦,512489621,100.0,7993
薛之谦,1374051000,100.0,225329
薛之谦,1954420092,100.0,105920
薛之谦,1294910785,100.0,136121
薛之谦,1374061028,100.0,170835
薛之谦,1374061038,100.0,117532
薛之谦,27955652,100.0,65800
薛之谦,1463168014,100.0,235565
薛之谦,2636416718,100.0,52794
薛之谦,1915297033,100.0,122573
薛之谦,1374056687,100.0,112303
薛之谦,1486513704,100.0,106305
薛之谦,429450375,100.0,62182
薛之谦,2106384511,100.0,60447
陶,150432,100.0,158478
陶,150623,100.0,56652
陶,150633,100.0,56533
陶,150560,100.0,25730
陶,150430,100.0,86531
陶,150561,100.0,36561
陶,150619,100.0,30009
陶,150617,100.0,23814
陶,150565,100.0,38420
陶,150667,100.0,28721
陶,150654,100.0,21835
陶,150520,100.0,30929
陶,26425119,100.0,17632
陶,150422,100.0,31011
陶,150651,100.0,23534
陶,150524,100.0,26502
陶,26425118,100.0,49421
陶,150564,100.0,9588
陶,2161527734,100.0,4752
陶,150433,100.0,14862
陶,150552,100.0,8061
陶,150671,100.0,11132
陶,150434,100.0,5815
陶,150558,100.0,12445
陶,150660,100.0,7707
陶,2690549685,100.0,2980
陶,5268423,100.0,27028
陶,150421,100.0,6126
陶,150389,100.0,14014
陶,26145664,100.0,8231
陶,150656,100.0,9299
陶,150658,100.0,9518
陶,2690549667,100.0,2176
陶,150665,100.0,4331
陶,150424,100.0,5532
陶,2697934826,100.0,462
陶,150570,100.0,4361
陶,150530,100.0,2853
陶,150438,100.0,2759
陶,150556,100.0,5593
陶,150562,100.0,3853
陶,1859065057,100.0,2423
陶,150674,100.0,4677
陶,150627,100.0,4320
陶,2684112208,100.0,12542
陶,150415,100.0,4544
陶,2690548915,100.0,3610
陶,150419,100.0,2913
陶,150502,100.0,4056
陶,2690549700,100.0,2556
加木,2163210456,100.0,60953
加木,2074440239,100.0,18157
加木,2093236174,100.0,8113
加木,2047623646,100.0,7434
加木,2611310291,100.0,5193
加木,2712546506,100.0,9174
加木,2705073423,100.0,3522
加木,2104642745,100.0,5536
加木,2054091213,100.0,5027
加木,2706646357,100.0,1915
加木,2619463429,100.0,3589
加木,2606590597,100.0,3292
加木,2697668579,100.0,1328
加木,2619460915,100.0,1527
加木,2602329575,100.0,1760
加木,2619463474,100.0,1195
加木,2104642659,100.0,2717
加木,2064557776,100.0,1325
加木,2030261099,100.0,1511
加木,1991070161,100.0,970
加木,2664711341,100.0,1301
加木,2628695170,100.0,2212
加木,1986233862,100.0,870
加木,2158987669,100.0,3189
加木,2603905983,100.0,1655
加木,1922882311,100.0,945
加木,2663399362,100.0,1358
加木,1916424465,100.0,526
加木,2068707604,100.0,1023
加木,2101708253,100.0,740
加木,2153918690,100.0,1871
加木,2024104852,100.0,1545
加木,1957318585,100.0,363
加木,2067177247,100.0,390
加木,2610902501,100.0,1539
加木,2666305308,100.0,859
加木,2130032515,100.0,634
加木,2007699547,100.0,301
加木,2022223732,100.0,522
加木,2112548247,100.0,360
加木,2077914038,95.0,231
加木,2664486664,95.0,173
加木,2612993125,95.0,450
加木,2619463389,95.0,392
加木,2632525705,95.0,519
加木,2093224181,95.0,354
加木,1875258303,95.0,153
加木,1954792506,95.0,112
加木,1969433109,95.0,219
加木,2045543298,95.0,165
王力宏,1301736461,100.0,98126
王力宏,25642952,100.0,64999
王力宏,33497050,100.0,19159
王力宏,33497044,100.0,26597
王力宏,25986099,100.0,22813
王力宏,25641840,100.0,18709
王力宏,25642119,100.0,22815
王力宏,573968818,100.0,14162
王力宏,27713963,100.0,66073
王力宏,1899989255,100.0,17632
王力宏,33497051,100.0,33857
王力宏,27483167,100.0,36872
王力宏,440411424,100.0,113213
王力宏,25642111,100.0,6361
王力宏,25642129,100.0,25082
王力宏,30260028,100.0,6974
王力宏,25643327,100.0,13572
王力宏,25642139,100.0,12897
王力宏,25642144,100.0,4228
王力宏,25986103,100.0,8794
王力宏,33497040,100.0,11868
王力宏,25986093,100.0,7017
王力宏,5268423,100.0,27028
王力宏,25641853,100.0,3612
王力宏,461519911,100.0,36072
王力宏,25643227,100.0,6256
王力宏,28432280,100.0,4820
王力宏,25642887,100.0,4331
王力宏,25642885,100.0,3370
王力宏,25986096,100.0,5078
王力宏,25642868,100.0,3537
王力宏,400581047,100.0,1906
王力宏,25643268,100.0,6273
王力宏,25643299,100.0,3944
王力宏,25642769,100.0,3758
王力宏,1443886308,100.0,843
王力宏,25643275,100.0,7182
王力宏,30260022,100.0,3105
王力宏,25642788,100.0,6840
王力宏,2020252977,100.0,9015
王力宏,155844,100.0,1274
王力宏,30070681,100.0,9083
王力宏,25643240,100.0,3711
王力宏,25642939,100.0,3568
王力宏,25642114,100.0,3352
王力宏,2661300617,100.0,17055
王力宏,5257150,100.0,8330
王力宏,431855963,100.0,2357
王力宏,25642889,100.0,3236
王力宏,25642879,100.0,1425
许嵩,167827,100.0,187995
许嵩,167870,100.0,101787
许嵩,167873,100.0,126942
许嵩,167876,100.0,226180
许嵩,167655,100.0,122018
许嵩,28854182,100.0,102558
许嵩,27646687,100.0,70528
许嵩,411214279,100.0,2811135
许嵩,167850,100.0,105940
许嵩,167882,100.0,179180
许嵩,167844,100.0,70310
许嵩,412902950,100.0,168189
许嵩,2012390001,100.0,11418
许嵩,27646693,100.0,10644
许嵩,167691,100.0,68121
许嵩,28802028,100.0,44929
许嵩,167744,100.0,49595
许嵩,167885,100.0,49533
许嵩,573384240,100.0,64475
许嵩,167732,100.0,43890
许嵩,167929,100.0,11465
张杰,28059417,100.0,172084
张杰,191254,100.0,108182
张杰,2702368194,100.0,13455
张杰,191248,100.0,62420
张杰,191060,100.0,72357
张杰,34179901,100.0,26119
张杰,191134,100.0,27855
张杰,2122308127,100.0,30679
张杰,191252,100.0,32525
张杰,574919767,100.0,135077
张杰,34179904,100.0,21278
张杰,1465225532,100.0,3924
张杰,1914933323,100.0,13948
张杰,1465226146,100.0,4863
张杰,2030766928,100.0,23977
张杰,2038508476,100.0,18982
张杰,191179,100.0,25471
张杰,191278,100.0,20346
张杰,1885551650,100.0,14535
张杰,1317494309,100.0,15178
张杰,1487212156,100.0,22455
张杰,34179910,100.0,25248
张杰,191195,100.0,10884
张杰,191199,100.0,12002
张杰,191268,100.0,29152
张杰,1896178201,100.0,7728
张杰,2008003739,100.0,22911
张杰,2659905369,100.0,2298
张杰,28126760,100.0,6837
张杰,2139348158,100.0,23717
张杰,34179921,100.0,4552
张杰,2008003738,100.0,15738
张杰,2139348171,100.0,10361
张杰,34179944,100.0,11956
张杰,191187,100.0,8500
张杰,191086,100.0,5924
张杰,2631333977,100.0,5042
张杰,191015,100.0,7963
张杰,2044808338,100.0,12787
张杰,32192765,100.0,6780
张杰,190995,100.0,5408
张杰,2098394581,100.0,2822
张杰,2151573081,100.0,10843
张杰,191084,100.0,8146
张杰,28427772,100.0,13689
张杰,1940359497,100.0,13944
张杰,2008005665,100.0,17230
张杰,2670915936,100.0,21190
张杰,2052368104,100.0,1864
张杰,1317494313,100.0,5557
毛不易,1903149553,100.0,208698
毛不易,1417862046,100.0,232129
毛不易,1417849873,100.0,194688
毛不易,1953125353,100.0,33969
毛不易,569213220,100.0,293796
毛不易,569200213,100.0,185869
毛不易,569214247,100.0,178459
毛不易,536099160,100.0,193301
毛不易,569200210,100.0,149269
毛不易,569200212,100.0,165675
毛不易,569214250,100.0,130640
毛不易,1411558182,100.0,141568
毛不易,569212211,100.0,115340
毛不易,569214252,100.0,105153
毛不易,2053617878,100.0,16573
毛不易,525278524,100.0,118309
毛不易,2670089636,100.0,5763
毛不易,1951513623,100.0,13023
毛不易,1449782341,100.0,56948
毛不易,1407214788,100.0,123688
毛不易,2068042776,100.0,3384
毛不易,569212210,100.0,108771
毛不易,1417856017,100.0,136999
毛不易,2619709366,100.0,335
毛不易,1860567964,100.0,62020
毛不易,1953436735,100.0,3321
毛不易,569200211,100.0,102817
毛不易,569214249,100.0,101516
毛不易,1413304559,100.0,105748
毛不易,524913480,100.0,27214
毛不易,1408763442,100.0,111518
毛不易,1940770243,100.0,17764
毛不易,1334270281,100.0,30286
毛不易,2675208233,100.0,1449
毛不易,569214251,100.0,101871
毛不易,1953435812,100.0,12522
毛不易,1417862026,100.0,114253
毛不易,2616675211,100.0,102052
毛不易,2010214999,100.0,12524
毛不易,1417862065,100.0,117216
毛不易,1845994595,100.0,102053
毛不易,1962791842,100.0,1287
毛不易,1845994602,100.0,101715
毛不易,1959134563,100.0,2257
毛不易,2626116893,100.0,100916
毛不易,1947537071,100.0,12508
毛不易,1845730289,100.0,101391
毛不易,1421191830,100.0,76221
毛不易,2686580923,100.0,12156
毛不易,2124167932,100.0,24081
h3R3,1827600686,100.0,561243
h3R3,1851652156,100.0,312570
h3R3,1927693793,100.0,184732
h3R3,1903876057,100.0,122724
h3R3,1443838552,100.0,170667
h3R3,2618784698,100.0,26709
h3R3,1958429133,100.0,20914
h3R3,1919891734,100.0,37351
h3R3,1999010719,100.0,8369
h3R3,2635209343,100.0,14008
h3R3,2123822458,100.0,15045
h3R3,1958430831,100.0,13920
h3R3,2067368745,100.0,12906
h3R3,1958429058,100.0,12038
h3R3,1956525809,100.0,19673
h3R3,2100375261,100.0,13576
h3R3,2712101157,100.0,6001
h3R3,2108780097,100.0,5991
h3R3,2118809751,100.0,6865
h3R3,2092227301,100.0,10456
h3R3,571758505,100.0,12230
h3R3,2026587136,100.0,12986
h3R3,2012147291,100.0,13390
h3R3,2685578497,100.0,5410
h3R3,2160754653,100.0,4048
h3R3,1941742260,100.0,7317
h3R3,2149849490,100.0,4958
h3R3,2083484308,100.0,4525
h3R3,1416560550,100.0,5059
h3R3,1808831742,100.0,5732
h3R3,1452439994,100.0,3619
h3R3,2160753892,100.0,2886
h3R3,1425898822,100.0,4737
h3R3,2160744891,100.0,2216
h3R3,1958430933,100.0,2575
h3R3,1827600942,95.0,2399
h3R3,1391676490,95.0,3422
h3R3,1427619702,95.0,19923
h3R3,866053503,95.0,2886
h3R3,574084943,95.0,2770
h3R3,2148336787,95.0,3481
h3R3,1320389341,95.0,2962
h3R3,1299241212,95.0,2320
h3R3,2081276845,95.0,1682
h3R3,1356146636,95.0,2045
h3R3,1496587248,95.0,1728
h3R3,1339504989,95.0,2911
h3R3,1493254928,95.0,2849
h3R3,1398684201,95.0,2191
h3R3,1339964599,95.0,1883
王赫野,2704605090,100.0,3170
王赫野,2714743537,100.0,1638
王赫野,2697934851,100.0,2823
王赫野,2161527760,100.0,13751
王赫野,2046990697,100.0,32270
王赫野,2149816926,100.0,24699
王赫野,1862592546,100.0,13154
王赫野,2050391293,100.0,14684
王赫野,1937051360,100.0,11636
王赫野,1943043408,100.0,32423
王赫野,2709756644,100.0,2367
王赫野,2702712880,100.0,594
王赫野,2163982959,100.0,8221
王赫野,2711873788,100.0,1546
王赫野,2156439313,100.0,5770
王赫野,2695610565,100.0,1109
王赫野,2602620760,100.0,1636
王赫野,2695142886,100.0,1693
王赫野,1826179038,100.0,33667
王赫野,1945877850,100.0,1424
王赫野,2692666067,100.0,1791
王赫野,2151854633,100.0,3528
王赫野,2695944937,100.0,912
王赫野,2717169746,100.0,1071
王赫野,2059814165,100.0,17058
王赫野,1828026086,100.0,38148
王赫野,2600433769,100.0,2807
王赫野,1938019498,100.0,45922
王赫野,2063468891,100.0,1158
王赫野,1851264848,100.0,2660
王赫野,2706933008,100.0,140
王赫野,2690538882,100.0,1751
王赫野,2697965749,100.0,1336
王赫野,2709044639,100.0,1343
王赫野,2166118151,100.0,2594
王赫野,2061887798,100.0,3279
王赫野,2716799960,100.0,1098
王赫野,2062886130,100.0,1307
王赫野,2052403826,100.0,2633
王赫野,2164216336,100.0,650
王赫野,2054188842,100.0,1295
王赫野,2154102412,100.0,875
王赫野,2604909467,100.0,1311
王赫野,2158973743,100.0,866
王赫野,2705004486,100.0,1883
王赫野,2705004491,100.0,1852
王赫野,2705004487,100.0,8858
王赫野,2015889678,100.0,1214
王赫野,2607239402,100.0,4643
王赫野,1911111558,100.0,2007
李荣浩,518686034,100.0,245520
李荣浩,1959528822,100.0,132477
李荣浩,31654343,100.0,232729
李荣浩,27678655,100.0,71081
李荣浩,1969822728,100.0,58054
李荣浩,27731176,100.0,92953
李荣浩,1293886117,100.0,403474
李荣浩,2600493765,100.0,7357
李荣浩,1407551413,100.0,181496
李荣浩,133998,100.0,181969
李荣浩,1997438791,100.0,53917
李荣浩,407450223,100.0,202933
李荣浩,1888354230,100.0,12855
李荣浩,29764560,100.0,5149
李荣浩,428375722,100.0,79955
李荣浩,1318235595,100.0,40483
李荣浩,1900998233,100.0,28556
李荣浩,29764562,100.0,17523
李荣浩,29764563,100.0,21419
李荣浩,2608448649,100.0,14371
李荣浩,2143283731,100.0,12471
李荣浩,31877243,100.0,14244
李荣浩,27731177,100.0,11659
李荣浩,1318234987,100.0,117879
李荣浩,27731174,100.0,15600
李荣浩,2619644192,100.0,9261
LBI利比,2645500113,100.0,405886
LBI利比,2163637432,100.0,32934
LBI利比,1934251776,100.0,76567
LBI利比,1958031074,100.0,31979
LBI利比,1882716480,100.0,12091
LBI利比,2705355300,100.0,756
LBI利比,2705314414,100.0,779
LBI利比,2143577505,100.0,2055
LBI利比,2680961278,100.0,5966
LBI利比,1988467326,100.0,2389
LBI利比,2631950763,100.0,1200
LBI利比,2683384576,100.0,1891
LBI利比,2694833539,100.0,716
LBI利比,2137350633,100.0,1922
赵雷,1974443814,100.0,421702
赵雷,1974443815,100.0,71795
赵雷,436514312,100.0,467263
赵雷,447926063,100.0,66414
赵雷,29567193,100.0,78351
赵雷,447926067,100.0,90571
赵雷,202373,100.0,224322
赵雷,202369,100.0,91440
赵雷,29567189,100.0,213002
赵雷,1974444808,100.0,17550
赵雷,1974444807,100.0,16101
赵雷,29567192,100.0,92007
赵雷,1974444806,100.0,11570
赵雷,447925059,100.0,65993
赵雷,29567191,100.0,120224
赵雷,1974443813,100.0,8543
赵雷,447925058,100.0,32098
赵雷,530995556,100.0,63265
赵雷,29567187,100.0,30979
赵雷,202368,100.0,26835
赵雷,447925066,100.0,50516
赵雷,1974443817,100.0,12058
赵雷,1295824647,100.0,18257
赵雷,202376,100.0,12409
赵雷,437608773,100.0,68145
赵雷,2648874974,100.0,2304
赵雷,33166602,100.0,28289
赵雷,29567190,100.0,15959
赵雷,2090583673,100.0,17698
赵雷,1410021043,100.0,23068
赵雷,202370,100.0,9250
赵雷,433018041,100.0,4373
赵雷,447925067,100.0,11074
赵雷,1974443816,100.0,4150
赵雷,1974443812,100.0,5649
赵雷,553546118,100.0,2786
赵雷,202367,100.0,10193
赵雷,29567185,100.0,10595
赵雷,202375,100.0,6725
赵雷,202371,100.0,8140
赵雷,1974443811,100.0,7820
赵雷,517567264,100.0,44559
赵雷,29567194,100.0,8553
赵雷,202377,100.0,32530
赵雷,34852810,100.0,18582
赵雷,29567186,100.0,8528
赵雷,1930416314,100.0,2080
赵雷,460628183,100.0,4104
赵雷,447925063,100.0,8971
赵雷,2648874977,100.0,1056
DJ阿智,2675525319,100.0,6214
DJ阿智,2621297345,100.0,10695
DJ阿智,2157928059,100.0,11891
DJ阿智,2658518739,100.0,1282
DJ阿智,2613686702,100.0,4845
DJ阿智,2604167107,100.0,5847
DJ阿智,2687490510,100.0,2871
DJ阿智,2138983274,100.0,3940
DJ阿智,2147267605,100.0,7189
DJ阿智,2148207298,100.0,7769
DJ阿智,2702010522,100.0,1158
DJ阿智,2142081452,100.0,3742
DJ阿智,2652362664,100.0,1062
DJ阿智,2707403351,100.0,736
DJ阿智,2634485191,100.0,918
DJ阿智,2679049168,100.0,1384
DJ阿智,2688491104,100.0,816
DJ阿智,2077280756,100.0,6026
DJ阿智,2704580229,100.0,1290
DJ阿智,2112551596,100.0,4711
DJ阿智,2140154379,100.0,1741
DJ阿智,2075856775,100.0,7882
DJ阿智,2630535339,100.0,1229
DJ阿智,2650241608,100.0,688
DJ阿智,2716152769,100.0,351
DJ阿智,2163609585,100.0,4504
DJ阿智,2142666686,100.0,2947
DJ阿智,2646581528,100.0,2254
DJ阿智,2152076276,100.0,8603
DJ阿智,2611226295,100.0,687
DJ阿智,2106473045,100.0,910
DJ阿智,2682861687,100.0,361
DJ阿智,2111387384,100.0,2080
DJ阿智,2082153437,100.0,1299
DJ阿智,2131562485,100.0,1383
DJ阿智,2159356883,100.0,1245
DJ阿智,2111868667,100.0,1617
DJ阿智,2639276944,100.0,896
DJ阿智,2164668035,100.0,919
DJ阿智,2617755941,100.0,882
DJ阿智,2616601341,100.0,696
DJ阿智,2111440895,100.0,1849
DJ阿智,2645450568,100.0,1418
DJ阿智,2116803517,100.0,2283
DJ阿智,2134513857,100.0,1571
DJ阿智,2153987896,100.0,1866
DJ阿智,2647854381,100.0,402
DJ阿智,2659358190,100.0,633
DJ阿智,2112281918,100.0,1299
DJ阿智,2086734675,100.0,663
梁博,1370880017,100.0,62554
梁博,1363553440,100.0,95412
梁博,467952048,100.0,77937
梁博,36392029,100.0,59184
梁博,1363342573,100.0,4299
梁博,1414024451,100.0,3778
梁博,2698807244,100.0,1760
梁博,28445719,100.0,2343
梁博,1370879993,100.0,4421
梁博,36392025,100.0,5108
梁博,1375479612,100.0,3772
梁博,2698803740,100.0,1889
梁博,1499345116,100.0,15327
梁博,402073808,100.0,11844
梁博,1415967467,100.0,2631
梁博,2698803739,100.0,1489
梁博,1370891210,100.0,1986
梁博,447280427,100.0,11638
梁博,2698807241,100.0,928
华晨宇,29004400,100.0,385961
华晨宇,1436910205,100.0,417608
华晨宇,32835565,100.0,146332
华晨宇,2006472464,100.0,241856
华晨宇,2161934816,100.0,69053
华晨宇,32619105,100.0,112723
华晨宇,2662183062,100.0,203633
华晨宇,2085452852,100.0,150470
华晨宇,2006472465,100.0,119130
华晨宇,2152956085,100.0,127350
华晨宇,2104598736,100.0,131718
华晨宇,545799107,100.0,130311
华晨宇,472137749,100.0,117560
华晨宇,2662183065,100.0,86281
华晨宇,2006484469,100.0,114785
华晨宇,420125810,100.0,111835
华晨宇,2149854703,100.0,64218
华晨宇,2040835953,100.0,37554
华晨宇,2662185583,100.0,112453
华晨宇,2662183060,100.0,98159
华晨宇,2006485344,100.0,126955
华晨宇,432698831,100.0,117026
华晨宇,2662185585,100.0,125606
华晨宇,536937393,100.0,66905
华晨宇,2006471567,100.0,113333
华晨宇,507364050,100.0,107094
华晨宇,33190545,100.0,108137
华晨宇,1425643256,100.0,183922
华晨宇,1305366556,100.0,150616
华晨宇,1399533630,100.0,340947
华晨宇,2662183063,100.0,66697
华晨宇,481859794,100.0,106826
华晨宇,2006471955,100.0,117834
华晨宇,2006485349,100.0,112972
华晨宇,2006472449,100.0,109938
华晨宇,2006472438,100.0,111054
华晨宇,426291338,100.0,120667
华晨宇,34228112,100.0,109595
华晨宇,34964198,100.0,116059
华晨宇,2044808338,100.0,12787
华晨宇,434981389,100.0,104754
华晨宇,2161934824,100.0,53413
华晨宇,29418040,100.0,103480
华晨宇,434981390,100.0,109424
华晨宇,1436959161,100.0,142705
华晨宇,2052368104,100.0,1864
华晨宇,432698825,100.0,116456
华晨宇,29418037,100.0,103683
华晨宇,1436961038,100.0,147379
华晨宇,2162394622,100.0,56017
TINY7,2673175226,100.0,20097
TINY7,2015896805,100.0,61751
TINY7,2614455932,100.0,1846
TINY7,2112031716,100.0,1139
TINY7,2657710567,100.0,408
TINY7,2710159692,95.0,831
TINY7,2673175228,95.0,57
TINY7,2714821856,90.0,152
TINY7,2673175227,90.0,144
TINY7,2673175230,90.0,92
TINY7,2047897234,85.0,240
TINY7,1820830981,80.0,176
TINY7,2638972364,80.0,277
TINY7,2102095980,80.0,216
TINY7,2635558257,80.0,41
TINY7,1997235470,75.0,256
TINY7,2673175229,75.0,7
TINY7,2635558260,75.0,58
TINY7,2653862879,75.0,124
TINY7,1852085929,70.0,95
TINY7,1410027835,70.0,61
TINY7,2673175231,65.0,2
TINY7,1390909603,65.0,336
TINY7,1970109525,65.0,109
TINY7,2047883099,65.0,123
TINY7,1839651984,65.0,99
TINY7,1417975690,65.0,200
TINY7,1856661319,60.0,117
TINY7,1970122833,60.0,53
TINY7,2139663232,60.0,55
TINY7,1844360488,60.0,71
TINY7,2085160466,60.0,20
TINY7,1970108193,60.0,36
TINY7,1970133187,60.0,57
TINY7,1395269253,60.0,22
TINY7,1824323900,60.0,57
TINY7,1970109374,60.0,40
TINY7,1970108792,55.0,47
TINY7,2047892963,55.0,15
TINY7,1970133510,55.0,29
TINY7,2047887328,55.0,37
TINY7,1390956522,55.0,70
TINY7,1848665674,55.0,49
TINY7,1877822875,55.0,44
TINY7,2047901483,55.0,25
TINY7,2047902418,55.0,16
TINY7,1861945789,55.0,23
TINY7,2047895962,55.0,13
TINY7,2047911571,55.0,6
TINY7,2653871376,55.0,5
周深,2124381474,100.0,81004
周深,2112196350,100.0,87193
周深,1475596788,100.0,111467
周深,2707333836,100.0,4615
周深,1465313631,100.0,117616
周深,2124385847,100.0,15942
周深,1945878289,100.0,5308
周深,1899994040,100.0,10322
周深,30903117,100.0,97414
周深,2116492838,100.0,17764
周深,2699294412,100.0,2148
周深,1434062381,100.0,215472
周深,1371939273,100.0,81094
周深,1814080666,100.0,204036
周深,2137074704,100.0,43722
周深,1815684465,100.0,193186
周深,516823132,100.0,14580
周深,2014291207,100.0,48042
周深,2016388224,100.0,8218
周深,1415078941,100.0,45759
周深,1941629582,100.0,71358
周深,1406472218,100.0,5030
周深,479850552,100.0,50258
周深,1974403336,100.0,10811
周深,2600804126,100.0,63578
周深,1837528900,100.0,22600
周深,2108828148,100.0,22904
周深,1436150979,100.0,51356
周深,1428598981,100.0,63938
周深,2716087294,100.0,1118
周深,29759371,100.0,19539
周深,2124385834,100.0,3039
周深,1414813561,100.0,1424
周深,2701967430,100.0,1418
周深,2711662982,100.0,455
周深,2098693162,100.0,43277
周深,2054265929,100.0,2149
周深,2140776001,100.0,109189
周深,2648888545,100.0,1109
周深,2660150669,100.0,2054
周深,436699548,100.0,2246
周深,1906097379,100.0,114802
周深,2111034432,100.0,16418
周深,2678626355,100.0,1070
周深,29759370,100.0,21294
周深,1960650720,100.0,65129
周深,1410824365,100.0,25498
周深,2155533400,100.0,4363
周深,1416619074,100.0,51505
周深,1929346993,100.0,61583
队长,1895330088,100.0,349685
队长,488249475,100.0,1237267
队长,1907766514,100.0,164042
队长,1844449888,100.0,78121
队长,2025186881,100.0,26379
队长,2705023842,100.0,10708
队长,1363642136,100.0,67532
队长,1971912772,100.0,40538
队长,2709336025,100.0,90898
队长,2009017158,100.0,21750
队长,1844448537,100.0,22271
队长,1979731860,100.0,16697
队长,2132153891,100.0,23220
队长,1465310744,100.0,18810
队长,2120782620,100.0,21530
队长,2608797166,100.0,8042
队长,1813786796,100.0,6367
队长,1362624611,100.0,17373
队长,2157855149,100.0,16854
队长,2029190676,100.0,7615
队长,1411464897,100.0,11598
队长,1844448536,100.0,6430
队长,2009018928,100.0,10901
队长,1844449890,100.0,7590
队长,1927438231,100.0,27374
队长,1844449889,100.0,3761
队长,2120782602,95.0,2317
队长,2094075270,95.0,7123
队长,1844449886,95.0,4084
队长,1432141836,95.0,3724
队长,1871543357,95.0,4181
队长,2094081707,95.0,3230
队长,2097443876,95.0,1923
队长,2009018927,95.0,5215
队长,1381604530,95.0,4973
队长,2009018926,95.0,2477
队长,2118842320,95.0,4226
队长,1844449887,95.0,3018
队长,1895333638,95.0,1647
队长,1933959424,95.0,6707
队长,2097444843,95.0,1759
队长,1407033566,95.0,3935
队长,1370073379,95.0,2868
队长,1441394765,95.0,3528
队长,2120785824,95.0,994
队长,1413401634,90.0,3380
队长,1333148663,90.0,1977
队长,535842228,90.0,4860
队长,1844449891,90.0,1623
队长,1844448538,90.0,1272
马思唯,1960619633,100.0,35569
马思唯,1823305772,100.0,58621
马思唯,2061964454,100.0,8925
马思唯,2059246226,100.0,14908
马思唯,1462875618,100.0,29208
马思唯,1457248123,100.0,14485
马思唯,2118458192,100.0,29243
马思唯,2713075922,100.0,2095
马思唯,2666632898,100.0,12441
马思唯,2036171786,100.0,19057
马思唯,1995496604,100.0,7172
马思唯,1426022013,100.0,23324
马思唯,2036171787,100.0,14832
马思唯,2061964449,100.0,5515
马思唯,1938019211,100.0,8763
马思唯,1426022019,100.0,11433
马思唯,2036167451,100.0,7048
马思唯,2036167452,100.0,4443
马思唯,2683304749,100.0,2733
马思唯,1426032478,100.0,4441
马思唯,1426022018,100.0,33422
马思唯,1444140174,100.0,50325
马思唯,1971680387,100.0,6832
马思唯,1960613382,100.0,6411
马思唯,2061966698,100.0,4037
马思唯,1960619634,100.0,3899
马思唯,1848204642,100.0,6863
马思唯,1811102198,100.0,22042
马思唯,1929065853,100.0,9743
马思唯,2032173388,100.0,20105
马思唯,1462875616,100.0,4139
马思唯,1818844744,100.0,2810
马思唯,1960619632,100.0,3363
马思唯,2061966702,100.0,3054
马思唯,2013291289,100.0,3706
马思唯,2061964448,100.0,2923
马思唯,2004403908,100.0,6846
马思唯,2683304741,100.0,3631
马思唯,1929065855,100.0,4248
马思唯,1929065857,100.0,4697
马思唯,2061966701,100.0,2718
马思唯,2705003747,100.0,1343
马思唯,1830686586,100.0,4620
马思唯,1814769698,100.0,14546
马思唯,2683304744,100.0,2624
马思唯,2674696866,100.0,3758
马思唯,1440429367,100.0,12298
马思唯,2666632894,100.0,419
马思唯,2705348963,100.0,844
马思唯,2673105026,100.0,7931
蔡徐坤,2708984802,100.0,89118
蔡徐坤,1450574147,100.0,214620
蔡徐坤,1965890511,100.0,183414
蔡徐坤,2101853004,100.0,28424
蔡徐坤,2613371441,100.0,51979
蔡徐坤,526857315,100.0,97623
蔡徐坤,1346079558,100.0,145069
蔡徐坤,1304301470,100.0,28241
蔡徐坤,2122621401,100.0,14567
蔡徐坤,1837045252,100.0,6212
蔡徐坤,1359811313,100.0,108217
蔡徐坤,2613383954,100.0,5895
蔡徐坤,1298130515,100.0,3994
蔡徐坤,1298130513,100.0,3440
蔡徐坤,1438865460,100.0,88625
蔡徐坤,1878591397,100.0,3172
蔡徐坤,1298130514,100.0,3934
蔡徐坤,1878591396,100.0,4084
蔡徐坤,550136152,100.0,51649
蔡徐坤,2032221518,100.0,3097
蔡徐坤,2057546701,100.0,7451
蔡徐坤,2026284245,100.0,1049
蔡徐坤,1403556289,100.0,68693
蔡徐坤,550138132,100.0,41649
蔡徐坤,1878591399,100.0,2451
蔡徐坤,1878589577,100.0,3485
蔡徐坤,1965838519,95.0,3891
蔡徐坤,2032221515,95.0,4591
蔡徐坤,1837046992,95.0,2656
蔡徐坤,548650088,95.0,14430
蔡徐坤,545592271,95.0,29847
蔡徐坤,1381368576,95.0,3213
蔡徐坤,1352818863,95.0,33521
蔡徐坤,542690024,95.0,28264
蔡徐坤,1855150265,95.0,2105
蔡徐坤,2032222155,95.0,1736
蔡徐坤,1878591398,95.0,3473
蔡徐坤,1837046957,95.0,1365
蔡徐坤,534542406,95.0,17760
蔡徐坤,2026286035,95.0,333
蔡徐坤,2026284242,95.0,456
蔡徐坤,1413386204,95.0,23843
蔡徐坤,2026284244,95.0,260
蔡徐坤,1878589578,95.0,1156
蔡徐坤,2026286034,95.0,296
蔡徐坤,2026286036,95.0,286
蔡徐坤,2032221512,90.0,1576
蔡徐坤,1450749101,90.0,687
蔡徐坤,2026284243,90.0,212
蔡徐坤,1381368575,80.0,1122
郭顶,85571,100.0,248010
郭顶,441491828,100.0,3478831
郭顶,436346833,100.0,225990
黄子弘凡,2704605037,100.0,3898
黄子弘凡,2711879261,100.0,855
黄子弘凡,2699873733,100.0,3022
黄子弘凡,2702711932,100.0,248915
黄子弘凡,2695948439,100.0,6919
黄子弘凡,2709756644,100.0,2367
黄子弘凡,2706933038,100.0,1129
黄子弘凡,2717168806,100.0,800
黄子弘凡,2711879181,100.0,580
黄子弘凡,2697937377,100.0,1550
黄子弘凡,2702711707,100.0,1656
黄子弘凡,2714740963,100.0,700
黄子弘凡,2672453890,100.0,256237
黄子弘凡,1456399260,100.0,10244
黄子弘凡,2693371183,100.0,12459
黄子弘凡,2701931968,100.0,836
黄子弘凡,2099925491,100.0,104848
黄子弘凡,2166118641,100.0,3038
黄子弘凡,2076129778,100.0,50791
黄子弘凡,2699643689,100.0,1708
黄子弘凡,2626385014,100.0,9120
黄子弘凡,2115521744,100.0,4832
黄子弘凡,2670676585,100.0,294
黄子弘凡,2634871753,100.0,5122
黄子弘凡,2704247465,100.0,1313
黄子弘凡,2696357272,100.0,1172
黄子弘凡,2651498753,100.0,1357
黄子弘凡,2636353442,100.0,1357
黄子弘凡,2636353439,100.0,117025
黄子弘凡,2636355158,100.0,1336
黄子弘凡,2707611742,100.0,772
黄子弘凡,2161968164,100.0,5137
黄子弘凡,2672424370,100.0,413
黄子弘凡,2653381150,100.0,291
黄子弘凡,2634596254,100.0,5960
黄子弘凡,2083989344,100.0,4965
黄子弘凡,2154348844,100.0,122466
黄子弘凡,2692693632,95.0,13734
黄子弘凡,2675072853,95.0,549
黄子弘凡,2636353441,95.0,1080
黄子弘凡,2662170683,95.0,575
黄子弘凡,2606200221,95.0,145964
黄子弘凡,2670094458,95.0,586
黄子弘凡,1939668935,95.0,2635
黄子弘凡,2672424522,95.0,221
黄子弘凡,2668908666,95.0,198264
黄子弘凡,2096071641,95.0,7095
黄子弘凡,2619719752,95.0,157458
黄子弘凡,2159260641,95.0,2855
黄子弘凡,2101753243,95.0,3429
陈楚生,2161527760,100.0,13751
陈楚生,1343200598,100.0,18070
陈楚生,2108827013,100.0,70097
陈楚生,2707649869,100.0,4119
陈楚生,2124385847,100.0,15942
陈楚生,25795016,100.0,34641
陈楚生,2712612154,100.0,2148
陈楚生,2116492838,100.0,17764
陈楚生,2705253915,100.0,4204
陈楚生,2163982868,100.0,3340
陈楚生,2123195337,100.0,6618
陈楚生,2717528659,100.0,1401
陈楚生,2151849623,100.0,3406
陈楚生,1995071414,100.0,9445
陈楚生,1861632812,100.0,9917
陈楚生,2082079879,100.0,9388
陈楚生,2604907737,100.0,3667
陈楚生,2158972598,100.0,2558
陈楚生,2715047815,100.0,1105
陈楚生,2094467344,100.0,6024
陈楚生,2710055565,100.0,1615
陈楚生,2149816864,100.0,4667
陈楚生,1353010646,100.0,6050
陈楚生,2666606348,100.0,258
陈楚生,2126145413,100.0,4131
陈楚生,1951952096,100.0,10114
陈楚生,2118463417,100.0,3872
陈楚生,1962272571,100.0,2008
陈楚生,2017065612,100.0,12127
陈楚生,66253,100.0,10881
陈楚生,2156439237,100.0,2144
陈楚生,2114347919,100.0,2271
陈楚生,2154102388,100.0,1844
陈楚生,2602622179,100.0,1423
陈楚生,2600433801,100.0,1129
陈楚生,506083906,100.0,1644
陈楚生,2152184070,100.0,2469
陈楚生,2024901551,100.0,687
陈楚生,25795005,100.0,7693
陈楚生,2166118109,100.0,722
陈楚生,2124389712,100.0,869
陈楚生,2679694399,100.0,2103
陈楚生,2106791503,100.0,1065
陈楚生,2076708388,100.0,1974
陈楚生,1955972100,100.0,2217
陈楚生,2619148683,100.0,53075
陈楚生,362974,100.0,8845
陈楚生,1374475880,100.0,2162
陈楚生,2630931338,100.0,962
陈楚生,2670089334,100.0,1132
周传雄,189602,100.0,104405
周传雄,190072,100.0,135563
周传雄,189545,100.0,47486
周传雄,189688,100.0,38742
周传雄,189540,100.0,21632
周传雄,189586,100.0,14626
周传雄,2704604999,100.0,3368
周传雄,189895,100.0,25061
周传雄,190062,100.0,8265
周传雄,189907,100.0,18530
周传雄,200436,100.0,15862
周传雄,190042,100.0,15113
周传雄,1992339351,100.0,1744
周传雄,189593,100.0,10317
周传雄,5239638,100.0,2214
周传雄,1816716657,100.0,941
周传雄,189718,100.0,2176
周传雄,190067,100.0,3999
周传雄,190082,100.0,4766
周传雄,189552,100.0,2064
周传雄,200437,100.0,3399
周传雄,189542,100.0,2393
周传雄,427142762,100.0,7900
周传雄,189563,100.0,2267
周传雄,1988544163,100.0,281
周传雄,190038,100.0,3662
周传雄,189642,100.0,2162
周传雄,2652685095,100.0,1078
周传雄,2647785252,100.0,2206
周传雄,2629003017,95.0,2377
周传雄,1985421791,95.0,287
周传雄,1891383561,95.0,811
周传雄,29572046,95.0,6816
周传雄,189680,95.0,1611
周传雄,190057,95.0,899
周传雄,189739,95.0,1506
周传雄,112239,95.0,650
周传雄,189751,95.0,1814
周传雄,2639961732,95.0,1279
周传雄,508319498,95.0,452
周传雄,189497,95.0,1325
周传雄,189517,95.0,419
周传雄,189743,95.0,618
周传雄,2091441720,95.0,5496
周传雄,2652685097,95.0,324
周传雄,200441,95.0,1392
周传雄,189754,95.0,698
周传雄,1998358260,95.0,123
周传雄,2652686761,90.0,253
周传雄,2652686762,90.0,218
徐良,27965209,100.0,5340
徐良,174956,100.0,132582
徐良,174944,100.0,77348
徐良,174963,100.0,62425
徐良,26145112,100.0,14920
徐良,174934,100.0,8261
徐良,174961,100.0,36586
徐良,174960,100.0,19310
徐良,174962,100.0,16045
徐良,27890395,100.0,11976
徐良,26609879,100.0,7542
徐良,26353161,100.0,9762
徐良,26609875,100.0,8253
徐良,174958,100.0,5608
徐良,27890394,100.0,6488
徐良,174966,100.0,5381
徐良,26145111,100.0,8047
徐良,174941,100.0,6399
徐良,174964,100.0,6225
徐良,174947,100.0,5796
徐良,174959,100.0,4221
徐良,26600766,100.0,5341
徐良,174967,100.0,3762
徐良,27890397,100.0,3373
徐良,174969,100.0,3964
徐良,518863916,95.0,7693
徐良,1379837697,95.0,7297
徐良,174968,95.0,4913
徐良,28773451,95.0,2283
徐良,29822695,95.0,1899
徐良,2074099995,95.0,1988
徐良,174951,95.0,2413
徐良,1363550350,95.0,8323
徐良,26600601,95.0,10812
徐良,423228350,95.0,4375
徐良,1301575218,95.0,19737
徐良,553753244,95.0,10809
徐良,26600584,90.0,1693
徐良,29755139,90.0,4887
徐良,1359113323,90.0,6321
徐良,29822691,90.0,1921
徐良,2076711646,90.0,620
徐良,27566713,90.0,1228
徐良,864639748,90.0,4858
徐良,26600779,90.0,770
徐良,1329129059,90.0,7585
徐良,174952,90.0,1517
徐良,26600621,90.0,3955
徐良,494858414,90.0,2027
徐良,2639970409,85.0,685
余佳运,420401511,100.0,130523
余佳运,1454670699,100.0,180581
余佳运,1325711261,100.0,81106
余佳运,407435011,100.0,73219
余佳运,424496769,100.0,42137
余佳运,1845651956,100.0,31415
余佳运,1440148562,100.0,23706
余佳运,2041973288,100.0,7195
余佳运,2712596436,100.0,1635
余佳运,1315169726,100.0,12467
余佳运,1988456854,100.0,8667
余佳运,1861632812,100.0,9917
余佳运,2116792369,100.0,8758
余佳运,491787693,100.0,28057
余佳运,2714337868,100.0,885
余佳运,1954694243,100.0,4529
余佳运,464330131,100.0,9256
余佳运,1387607550,100.0,8320
余佳运,2006151425,100.0,4832
余佳运,1384283834,100.0,6717
余佳运,1440148185,100.0,8037
余佳运,1371557617,100.0,27248
余佳运,2609054365,100.0,2696
余佳运,501220106,100.0,18284
余佳运,1976787301,100.0,5093
余佳运,2158603458,100.0,2849
余佳运,473404348,100.0,14747
余佳运,1382428964,100.0,8497
余佳运,411988534,100.0,12090
余佳运,2056232863,100.0,2297
余佳运,1882424351,100.0,6917
余佳运,2688847514,100.0,1663
余佳运,1915524646,100.0,1857
余佳运,1387608205,100.0,4331
余佳运,2117510474,100.0,920
余佳运,2112742912,100.0,5233
余佳运,1379869690,95.0,6830
余佳运,1387608334,95.0,1964
余佳运,547971012,95.0,7416
余佳运,1915290672,95.0,4496
余佳运,1387608298,95.0,2355
余佳运,1440148560,95.0,4403
余佳运,36616388,95.0,8860
余佳运,41500742,95.0,2248
余佳运,32217139,95.0,3942
余佳运,1387608144,95.0,2930
余佳运,512358238,95.0,3174
余佳运,2658122348,95.0,4367
余佳运,1961511267,95.0,2416
余佳运,1929391639,95.0,12370
贝乐虎,1417892376,100.0,3102
贝乐虎,1417892372,100.0,1465
贝乐虎,1417885730,100.0,1209
贝乐虎,1417885734,100.0,476
贝乐虎,1417885726,100.0,1785
贝乐虎,1417892410,100.0,189
贝乐虎,1417892364,100.0,1075
贝乐虎,1450707818,100.0,407
贝乐虎,1417892362,100.0,1132
贝乐虎,1417892377,100.0,781
贝乐虎,1417885728,100.0,673
贝乐虎,1417885742,100.0,1289
贝乐虎,1417885743,100.0,749
贝乐虎,1417892369,100.0,534
贝乐虎,1417892375,100.0,1001
贝乐虎,1417892380,100.0,233
贝乐虎,1417892367,100.0,411
贝乐虎,1417892378,100.0,249
贝乐虎,1417892391,100.0,1528
贝乐虎,1417892383,100.0,494
贝乐虎,1417892393,100.0,267
贝乐虎,1417892398,100.0,414
贝乐虎,1417892366,100.0,253
贝乐虎,1417892392,100.0,363
贝乐虎,1417885731,100.0,552
贝乐虎,1417892370,100.0,277
贝乐虎,1417885727,100.0,432
贝乐虎,1417892402,100.0,142
贝乐虎,1417892363,100.0,316
贝乐虎,1417892385,100.0,548
贝乐虎,1417892395,100.0,592
贝乐虎,1417892386,100.0,171
贝乐虎,1417892368,100.0,463
贝乐虎,1417892403,100.0,676
贝乐虎,1417892379,100.0,274
贝乐虎,1417892409,100.0,266
贝乐虎,1417892382,100.0,197
贝乐虎,1449375315,100.0,272
贝乐虎,1417892381,100.0,124
贝乐虎,1417892401,100.0,472
贝乐虎,1449375319,100.0,170
贝乐虎,1450709352,100.0,76
贝乐虎,1417885738,100.0,117
贝乐虎,1417885739,100.0,340
贝乐虎,1417892396,100.0,318
贝乐虎,1417892397,100.0,207
贝乐虎,1417892365,100.0,224
贝乐虎,1450707819,100.0,2892
贝乐虎,1417885732,100.0,141
贝乐虎,1417892371,100.0,506
罗言,1918576268,100.0,212726
罗言,2026224214,100.0,137256
罗言,2061964454,100.0,8925
罗言,2650136893,100.0,113619
罗言,2144694164,100.0,21349
罗言,1961262000,100.0,18230
罗言,2659260745,100.0,54515
罗言,2036171787,100.0,14832
罗言,1918575362,100.0,10104
罗言,1997293017,100.0,2749
罗言,2161988154,100.0,7613
罗言,1962142222,100.0,4782
罗言,2156162129,100.0,4732
罗言,1880167690,100.0,2907
罗言,2607425332,100.0,6666
罗言,2156161162,100.0,2049
罗言,2048344999,100.0,5704
罗言,2007975568,100.0,6763
罗言,2156161161,100.0,1527
罗言,2156162132,100.0,1762
罗言,2047036140,100.0,1883
罗言,2009226812,100.0,1775
罗言,2156161164,100.0,2797
罗言,2047034292,100.0,2836
罗言,1962142223,100.0,2139
罗言,1955274656,100.0,2114
罗言,2036809488,100.0,2324
罗言,2156161163,100.0,2418
罗言,1962142224,100.0,2098
罗言,2096457202,95.0,19845
罗言,1949940826,95.0,3097
罗言,2118178118,95.0,1962
罗言,1970610322,95.0,881
罗言,2028954545,95.0,2503
罗言,2025211928,95.0,1912
罗言,2156162133,95.0,1232
罗言,2037053647,95.0,1634
罗言,1994172744,95.0,1140
罗言,2610631213,95.0,1711
罗言,2156161159,95.0,611
罗言,2047036108,90.0,3999
罗言,2047034316,90.0,1834
罗言,2156162131,90.0,837
罗言,2603345029,90.0,616
罗言,1918576264,90.0,409
罗言,2047034269,90.0,1053
罗言,2156162134,90.0,780
罗言,2077807794,90.0,616
罗言,2150401788,90.0,514
罗言,2156161158,90.0,698
张学友,190233,100.0,19090
张学友,191232,100.0,50403
张学友,190449,100.0,34749
张学友,189315,100.0,49471
张学友,188432,100.0,32264
张学友,189987,100.0,31492
张学友,190270,100.0,24839
张学友,187672,100.0,43990
张学友,188647,100.0,52755
张学友,188657,100.0,15868
张学友,486814713,100.0,4698
张学友,190360,100.0,21202
张学友,188674,100.0,30118
张学友,190563,100.0,18144
张学友,188429,100.0,29056
张学友,189841,100.0,9883
张学友,188555,100.0,11832
张学友,188703,100.0,31073
张学友,188071,100.0,13310
张学友,189714,100.0,10775
张学友,188989,100.0,24848
张学友,190808,100.0,11914
张学友,188261,100.0,11836
张学友,189072,100.0,17723
张学友,190380,100.0,26727
张学友,32689000,100.0,6783
张学友,36861904,100.0,18440
张学友,190473,100.0,18904
张学友,190328,100.0,15405
张学友,187908,100.0,5793
张学友,188671,100.0,15741
张学友,190803,100.0,10188
张学友,191144,100.0,4644
张学友,189313,100.0,11197
缡榔娌,2711834126,100.0,20795
缡榔娌,2699430498,100.0,2979
缡榔娌,2603558333,100.0,1363
缡榔娌,2708048170,100.0,696
缡榔娌,2631288546,100.0,646
缡榔娌,2696118246,100.0,277
缡榔娌,2656273978,100.0,375
缡榔娌,2629531212,95.0,359
缡榔娌,2631280013,95.0,191
缡榔娌,2671912718,95.0,120
缡榔娌,2634595238,95.0,95
缡榔娌,2146891661,90.0,179
缡榔娌,2631288600,95.0,132
缡榔娌,2631280009,90.0,69
缡榔娌,2634596220,90.0,64
缡榔娌,2156620614,90.0,74
缡榔娌,2631288636,90.0,327
缡榔娌,1921825985,90.0,77
缡榔娌,2631288562,90.0,65
缡榔娌,2139086361,90.0,147
缡榔娌,1921870568,90.0,67
缡榔娌,2110133090,90.0,41
缡榔娌,2618701171,90.0,106
缡榔娌,2647894572,90.0,82
缡榔娌,2021039117,90.0,156
缡榔娌,2160958485,90.0,67
缡榔娌,2640574852,85.0,52
缡榔娌,2631288570,85.0,28
缡榔娌,1971152315,85.0,48
缡榔娌,2678636837,85.0,61
缡榔娌,1969327312,85.0,38
缡榔娌,2631288472,85.0,45
缡榔娌,2023606270,85.0,154
缡榔娌,2634596243,85.0,41
缡榔娌,2631280010,85.0,32
缡榔娌,1969327237,85.0,20
缡榔娌,2631280053,85.0,28
缡榔娌,1969325469,85.0,21
缡榔娌,2646999575,85.0,29
缡榔娌,2599981831,85.0,94
缡榔娌,1969327235,85.0,21
缡榔娌,1951826030,20.0,32
胡彦斌,529668356,100.0,264649
胡彦斌,419827614,100.0,10940
胡彦斌,1835830441,100.0,9946
胡彦斌,92821,100.0,26149
胡彦斌,2124385847,100.0,15942
胡彦斌,93213,100.0,20499
胡彦斌,420513275,100.0,30216
胡彦斌,1949075851,100.0,7454
胡彦斌,1953853439,100.0,2080
胡彦斌,2045090401,100.0,1923
胡彦斌,4874264,100.0,10299
胡彦斌,28191532,100.0,54687
胡彦斌,93190,100.0,9543
胡彦斌,2655113815,100.0,5174
胡彦斌,1442020659,100.0,896
胡彦斌,530986052,100.0,14482
胡彦斌,2063469675,100.0,1527
胡彦斌,1812952164,100.0,458
胡彦斌,1821461697,100.0,1698
胡彦斌,2059815659,100.0,3278
胡彦斌,2046984506,100.0,823
胡彦斌,93188,100.0,7124
胡彦斌,1825663513,100.0,1285
胡彦斌,1446309763,100.0,502
胡彦斌,2057718119,100.0,818
胡彦斌,2072627772,100.0,3127
胡彦斌,2052403824,100.0,1900
胡彦斌,93053,100.0,5845
胡彦斌,2124389712,100.0,869
胡彦斌,93063,100.0,3854
胡彦斌,2106791503,100.0,1065
胡彦斌,92877,100.0,4078
胡彦斌,2050390513,100.0,1245
胡彦斌,2010038452,100.0,1932
胡彦斌,92824,100.0,2649
胡彦斌,92881,100.0,1177
胡彦斌,2048584489,100.0,1372
胡彦斌,1954038890,95.0,533
胡彦斌,31877078,95.0,6726
胡彦斌,93317,95.0,1794
胡彦斌,2060729293,95.0,1578
胡彦斌,2072623479,95.0,1144
胡彦斌,2056170695,95.0,765
胡彦斌,1821461723,95.0,308
胡彦斌,25639314,95.0,2225
胡彦斌,2072627771,95.0,2272
胡彦斌,307327,95.0,1471
胡彦斌,2118463487,95.0,554
胡彦斌,2072623477,95.0,939
胡彦斌,1433208039,95.0,442
Wiz_H张子豪,1456890009,100.0,524689
Wiz_H张子豪,2624625493,100.0,33917
Wiz_H张子豪,2637417005,100.0,3529
Wiz_H张子豪,2054300084,100.0,12040
Wiz_H张子豪,2034881346,100.0,9394
Wiz_H张子豪,2048371124,100.0,9767
Wiz_H张子豪,2612729185,100.0,10057
Wiz_H张子豪,1393138949,100.0,3778
Wiz_H张子豪,2703701007,100.0,871
Wiz_H张子豪,1388189858,100.0,2066
Wiz_H张子豪,2107560170,100.0,2429
Wiz_H张子豪,2001367822,100.0,2143
Wiz_H张子豪,2703701070,95.0,250
Wiz_H张子豪,1430657585,95.0,2489
Wiz_H张子豪,2013417765,95.0,1650
Wiz_H张子豪,2050633180,95.0,1985
Wiz_H张子豪,2052408650,95.0,2618
Wiz_H张子豪,2703708405,95.0,329
Wiz_H张子豪,2703708317,95.0,313
Wiz_H张子豪,2703701058,90.0,301
Wiz_H张子豪,2114412527,90.0,1158
Wiz_H张子豪,1487559109,85.0,889
Wiz_H张子豪,2703708260,85.0,178
Wiz_H张子豪,2703700072,80.0,342
Wiz_H张子豪,1400910123,85.0,718
Wiz_H张子豪,1446958138,80.0,883
Wiz_H张子豪,2703708241,80.0,262
Wiz_H张子豪,1426312744,80.0,591
Wiz_H张子豪,2703708282,80.0,176
Wiz_H张子豪,1340607167,80.0,463
Wiz_H张子豪,1864554578,75.0,2074
Wiz_H张子豪,1979604586,75.0,684
Wiz_H张子豪,1356429308,75.0,478
Wiz_H张子豪,2012152086,75.0,664
Wiz_H张子豪,1410877387,70.0,299
Wiz_H张子豪,2013415047,70.0,754
Wiz_H张子豪,2703708329,70.0,108
Wiz_H张子豪,1346219879,70.0,365
Wiz_H张子豪,2013417750,70.0,673
Wiz_H张子豪,2013417764,70.0,353
Wiz_H张子豪,2703699998,65.0,304
Wiz_H张子豪,1343438775,70.0,673
Wiz_H张子豪,2006750127,70.0,606
Wiz_H张子豪,1366393570,65.0,456
Wiz_H张子豪,1381835793,65.0,411
Wiz_H张子豪,2013415039,65.0,510
Wiz_H张子豪,1327048154,60.0,964
Wiz_H张子豪,2013417753,60.0,391
Wiz_H张子豪,1888020113,60.0,880
Wiz_H张子豪,1418332092,60.0,357
摩登兄弟刘宇宁,2702711897,100.0,6222
摩登兄弟刘宇宁,2697937406,100.0,4452
摩登兄弟刘宇宁,2699873816,100.0,1833
摩登兄弟刘宇宁,2695948472,100.0,4727
摩登兄弟刘宇宁,1426285166,100.0,203142
摩登兄弟刘宇宁,2704347615,100.0,2869
摩登兄弟刘宇宁,2704605274,100.0,903
摩登兄弟刘宇宁,2695142886,100.0,1693
摩登兄弟刘宇宁,2707747024,100.0,6298
摩登兄弟刘宇宁,1974414128,100.0,1324
摩登兄弟刘宇宁,1297742298,100.0,52660
摩登兄弟刘宇宁,1389041364,100.0,3211
摩登兄弟刘宇宁,1411578561,100.0,1617
摩登兄弟刘宇宁,1486726254,100.0,220903
摩登兄弟刘宇宁,1395252835,100.0,230601
摩登兄弟刘宇宁,2103416739,100.0,42754
摩登兄弟刘宇宁,1463652428,100.0,116030
摩登兄弟刘宇宁,2124421695,100.0,40943
摩登兄弟刘宇宁,2611205606,100.0,2275
摩登兄弟刘宇宁,2633251138,100.0,931
摩登兄弟刘宇宁,1407223096,100.0,257
摩登兄弟刘宇宁,2076705091,100.0,2311
摩登兄弟刘宇宁,1309896216,100.0,5690
摩登兄弟刘宇宁,1831241783,100.0,105508
摩登兄弟刘宇宁,1381049131,100.0,229602
摩登兄弟刘宇宁,1381761209,95.0,227798
摩登兄弟刘宇宁,1956236378,95.0,1983
摩登兄弟刘宇宁,2020531683,95.0,59415
摩登兄弟刘宇宁,1309073861,95.0,148
摩登兄弟刘宇宁,1309073861,95.0,148
法老,1969908030,100.0,27143
法老,1988564487,100.0,33080
法老,1826189041,100.0,46553
法老,1336856498,100.0,52651
法老,2690846498,100.0,8972
法老,1488990357,100.0,36809
法老,2693446565,100.0,10017
法老,2061626302,100.0,36815
法老,2151956989,100.0,25671
法老,2103764064,100.0,60863
法老,1965928052,100.0,66824
法老,2045943936,100.0,15245
法老,1961990684,100.0,5093
法老,1456661032,100.0,10850
法老,1969845257,100.0,7618
法老,2045332345,100.0,19257
法老,465721397,100.0,53177
法老,1858696234,100.0,13801
法老,2009744753,100.0,45947
法老,1355292203,100.0,58855
法老,2061994387,100.0,17790
法老,1988302067,100.0,19643
法老,2065926839,100.0,11629
法老,2612729185,100.0,10057
法老,1965646815,100.0,23635
法老,444323757,100.0,20807
法老,1969845254,100.0,6163
法老,1318284115,100.0,12176
法老,1988565273,100.0,21090
法老,1988024508,100.0,9439
法老,1355292217,100.0,17810
法老,1298655068,100.0,21597
法老,1988565276,100.0,5018
法老,1488990355,100.0,8673
法老,534917810,100.0,8906
法老,2100324936,100.0,3876
法老,1969845258,100.0,6764
法老,1488990367,100.0,11348
法老,1969845253,100.0,12203
法老,1845409161,100.0,3695
法老,2166790895,100.0,4717
法老,2065930376,100.0,9057
法老,1977946820,100.0,4642
法老,1321385074,100.0,13045
法老,2108872620,100.0,3915
法老,2058166012,100.0,14995
法老,1334297124,100.0,7319
法老,1988564488,100.0,5642
法老,512357642,100.0,13959
法老,1969846925,100.0,7081
艾志恒Asen,1492864083,100.0,23506
艾志恒Asen,2061964454,100.0,8925
艾志恒Asen,2059246226,100.0,14908
艾志恒Asen,1437030961,100.0,13817
艾志恒Asen,1995339653,100.0,3393
艾志恒Asen,1909082622,100.0,16626
艾志恒Asen,1995339655,100.0,7207
艾志恒Asen,1964696171,100.0,19637
艾志恒Asen,2075583674,100.0,5049
艾志恒Asen,2042350565,100.0,4487
艾志恒Asen,1989402883,100.0,11413
艾志恒Asen,1995339514,100.0,6922
艾志恒Asen,1832633339,100.0,9260
艾志恒Asen,2095550186,100.0,6790
艾志恒Asen,2061964449,100.0,5515
艾志恒Asen,2617357550,100.0,11807
艾志恒Asen,2163617298,100.0,6881
艾志恒Asen,2163619026,100.0,2807
艾志恒Asen,2032192601,100.0,4757
艾志恒Asen,2620983690,100.0,4157
艾志恒Asen,1909081616,100.0,3319
艾志恒Asen,2163619024,100.0,4357
艾志恒Asen,1995339511,100.0,5951
艾志恒Asen,2163617296,100.0,4669
艾志恒Asen,2061966698,100.0,4037
张信哲,423406145,100.0,14621
张信哲,187338,100.0,12678
张信哲,2642164470,100.0,21468
韦礼安,1890530891,100.0,227589
韦礼安,233846,100.0,15575
韦礼安,32358362,100.0,24064
鹿晗,29771231,100.0,172030
鹿晗,34852348,100.0,51557
鹿晗,35447132,100.0,71877
GAI周延,516358348,100.0,11681
GAI周延,2715047901,100.0,5671
GAI周延,1945878289,100.0,5308
Zy,2041974276,100.0,52190
Zy,2686958558,100.0,5656
Zy,2704012705,100.0,2877
TizzyT,1983456716,100.0,56979
TizzyT,2100329027,100.0,43074
TizzyT,1950528144,100.0,16047
海洋Bo,2049512697,100.0,185257
海洋Bo,2041799838,100.0,64161
海洋Bo,1979417838,100.0,106360
杨宗纬,2158973221,100.0,84680
杨宗纬,32835565,100.0,146332
杨宗纬,176053,100.0,57002
张震岳,185712,100.0,55701
张震岳,454698657,100.0,65938
张震岳,185700,100.0,60164
Gareth.T,2601622789,100.0,15232
Gareth.T,2143932459,100.0,17412
Gareth.T,2701139855,100.0,4048
周兴哲,523250334,100.0,202833
周兴哲,1336990251,100.0,84780
周兴哲,424264505,100.0,227824
王杰,156820,100.0,36860
王杰,156846,100.0,33737
王杰,158655,100.0,33405
古巨基,86943,100.0,54714
古巨基,86279,100.0,41247
古巨基,2124385847,100.0,15942
杜宣达,1887139866,100.0,223841
杜宣达,2144209098,100.0,75816
杜宣达,2645495145,100.0,14957
渡,2681393627,100.0,51053
渡,2621636347,100.0,1889
渡,1428048129,100.0,6076
Capper,2026224214,100.0,137256
Capper,1948572170,100.0,45206
Capper,2686898672,100.0,5373
邵帅,1371780785,100.0,149282
邵帅,1471039968,100.0,90933
邵帅,1344897943,100.0,180690
沈以诚,1336856864,100.0,143625
沈以诚,1365898499,100.0,193801
沈以诚,514761281,100.0,314091
ET,2647831829,100.0,61674
ET,1930608504,100.0,49768
ET,1876502011,100.0,7442
江辰,1354504985,100.0,84257
江辰,1936399142,100.0,62706
江辰,2648204040,100.0,26519
阿冗,1413585838,100.0,442531
阿冗,1400256289,100.0,288396
阿冗,1953873776,100.0,13332
陈小春,4878119,100.0,13167
陈小春,94639,100.0,96647
陈小春,4878122,100.0,54410
Lunak,2698039409,100.0,2672
Lunak,2690590139,100.0,4585
Lunak,2690589227,100.0,3731
林达浪,1827600686,100.0,561246
林达浪,2012147291,100.0,13390
林达浪,1827600942,95.0,2399
曾舜,2615819487,100.0,26435
曾舜,2715260192,100.0,13130
曾舜,2607303573,100.0,63592
许巍,168091,100.0,182923
许巍,167975,100.0,154361
许巍,2095592331,100.0,4035
宝石Gem,2158973221,100.0,84680
宝石Gem,2651118655,100.0,12473
宝石Gem,1357785909,100.0,169224
李宗盛,26598946,100.0,28660
李宗盛,394670,100.0,53875
李宗盛,441102573,100.0,9346
王以太,1877996649,100.0,59638
王以太,2695944873,100.0,3126
王以太,1396141677,100.0,55463
陆虎,26387325,100.0,126996
陆虎,2711525867,100.0,894
陆虎,2712162695,100.0,456
周杰伦,5257138,100.0,18775
周杰伦,210049,100.0,44448
周杰伦,509781655,100.0,20435
周柏豪,191528,100.0,85911
周柏豪,30245576,100.0,33759
周柏豪,27646405,100.0,17255
Lil Ghost小鬼,1362247767,100.0,117477
Lil Ghost小鬼,542690276,100.0,115035
Lil Ghost小鬼,2701932053,100.0,1970
TC,1806634682,100.0,80459
TC,1925404868,100.0,14080
TC,2040015902,100.0,7056
DJ阿布,2630594930,100.0,7072
DJ阿布,2157928059,100.0,11891
DJ阿布,2611250028,100.0,29251
mac ova seas,2122615322,100.0,11079
mac ova seas,1933659329,100.0,17089
mac ova seas,1895385833,100.0,21897
卢广仲,479422898,100.0,54202
卢广仲,26425119,100.0,17632
卢广仲,1472921626,100.0,93309
Aioz,1908049566,100.0,44598
Aioz,2163953992,100.0,21224
Aioz,1492023926,100.0,14266
李克勤,115162,100.0,68597
李克勤,115502,100.0,58613
李克勤,115569,100.0,59125
潘玮柏,139764,100.0,77580
潘玮柏,139808,100.0,54414
潘玮柏,139703,100.0,25964
高旭,1443838552,100.0,170668
高旭,1494283005,100.0,22210
高旭,1887015288,100.0,12592
沙一汀EL,2617646167,100.0,23450
沙一汀EL,1456659704,100.0,47360
沙一汀EL,1449416890,100.0,41615
en（王翊恩）,2629921305,100.0,17404
en（王翊恩）,2638621689,100.0,9423
en（王翊恩）,2134510626,100.0,5859
杨坤,2154102353,100.0,36020
杨坤,2163982959,100.0,8221
杨坤,2702711921,100.0,2011
王源,2702711900,100.0,4493
王源,2695944957,100.0,7121
王源,2711873788,100.0,1546
张紫豪,553755659,100.0,702279
张紫豪,1432794928,90.0,212
张紫豪,1427054968,90.0,483
step.jad依加,2033897126,100.0,23034
step.jad依加,1970514994,100.0,8296
step.jad依加,1833804846,100.0,9017
王安宇,2709792992,100.0,19679
王安宇,2690849960,100.0,748
王安宇,1988800598,95.0,1326
Ice Paper,1349292048,100.0,283835
Ice Paper,864498975,100.0,62609
Ice Paper,1320100120,100.0,20460
徐秉龙,1942734484,100.0,28640
徐秉龙,1365393542,100.0,208133
徐秉龙,514761281,100.0,314091
张远,2709756728,100.0,1061
张远,2711879181,100.0,580
张远,2711879249,100.0,299
Happer,2647831829,100.0,61674
Happer,2657455612,100.0,7437
Happer,2664808979,100.0,4327
葛东琪,1397345903,100.0,590429
葛东琪,1303289043,100.0,208208
葛东琪,1471761548,100.0,33994
THOME,2706222841,100.0,4803
THOME,1909082622,100.0,16626
THOME,2013290415,100.0,19077
姜云升,1887917182,100.0,199469
姜云升,1909021556,100.0,58882
姜云升,2708737793,100.0,5482
李健,109998,100.0,78235
李健,110215,100.0,14907
李健,110411,100.0,13116
杨和苏KeyNG,1469041281,100.0,68223
杨和苏KeyNG,2676001035,100.0,7823
杨和苏KeyNG,1442320451,100.0,32082
刘思达LOFTHESTAR,1908049566,100.0,44598
刘思达LOFTHESTAR,2066713227,100.0,39160
刘思达LOFTHESTAR,1975753397,100.0,18432
就是南方凯,2061978961,100.0,109115
就是南方凯,2165736345,100.0,1362
就是南方凯,1985027951,100.0,17347
就是南方凯,2674765389,100.0,274
就是南方凯,1806303555,100.0,18720
就是南方凯,1899079967,100.0,28906
就是南方凯,1812225658,100.0,45881
就是南方凯,1946268004,100.0,5587
就是南方凯,2007281783,100.0,4544
就是南方凯,2158553708,100.0,753
就是南方凯,2078278686,100.0,1443
就是南方凯,2085770262,100.0,993
就是南方凯,2602411474,100.0,452
就是南方凯,1859926024,100.0,1917
就是南方凯,2684487946,100.0,260
就是南方凯,2118436736,100.0,415
就是南方凯,2110690387,95.0,861
就是南方凯,2151201669,95.0,483
就是南方凯,2608725910,95.0,554
就是南方凯,2120361972,95.0,272
就是南方凯,2073368155,90.0,313
就是南方凯,2158894840,90.0,221
就是南方凯,2108786855,90.0,451
就是南方凯,2044830825,90.0,463
就是南方凯,1897066455,90.0,356
就是南方凯,1893293004,90.0,303
就是南方凯,2623226639,85.0,264
就是南方凯,2052144641,85.0,400
就是南方凯,2079481526,85.0,248
就是南方凯,1926932205,85.0,681
就是南方凯,2705379941,80.0,75
就是南方凯,2624255648,80.0,205
就是南方凯,2668681814,80.0,120
就是南方凯,2148434313,80.0,198
就是南方凯,1864611469,80.0,527
就是南方凯,2618030764,75.0,196
就是南方凯,2152294554,75.0,282
就是南方凯,1913254456,75.0,722
